filename,lpa,url
Adur_District_Council.pdf,Adur District Council,"https://www.adur-worthing.gov.uk/media/media,147015,en.pdf"
Allerdale_Borough_Council.pdf,Allerdale Borough Council,https://www-cloudfront.allerdale.gov.uk/media/filer_public/75/ab/75ab8862-bdee-4f3d-850d-2735286da5c1/adopted_allerdale_local_plan_part_1_-_final_version_151014.pdf
Amber_Valley_Borough_Council.pdf,Amber Valley Borough Council,https://storymaps.arcgis.com/stories/c4d6ff58e5dc40b69d6a0f241bc9c014
Arun_District_Council.pdf,Arun District Council,https://www.arun.gov.uk/download.cfm?doc=docm93jijm4n12864.pdf&ver=13004
Ashfield_District_Council.pdf,Ashfield District Council,https://www.ashfield.gov.uk/media/imjbbq1y/ashfield-draft-local-plan-2020-2038.pdf
Ashford_Borough_Council.pdf,Ashford Borough Council,https://www.ashford.gov.uk/media/7542/adopted-ashford-local-plan-2030-2.pdf
Aylesbury_Vale_District_Council.pdf,Aylesbury Vale District Council,https://www.aylesburyvaledc.gov.uk/sites/default/files/VALP/AppendixA/Adopted%20Vale%20of%20Aylesbury%20Local%20Plan%201.pdf
Babergh_District_Council.pdf,Babergh District Council,https://www.babergh.gov.uk/assets/Strategic-Planning/JLPReg19/Part-1-Objective-and-Strategic-Policies-Part-2-Local-Policies.pdf
Barnsley_Metropolitan_Borough_Council.pdf,Barnsley Metropolitan Borough Council,https://www.barnsley.gov.uk/media/17249/local-plan-adopted.pdf
Barrow-in-Furness_Borough_Council.pdf,Barrow-in-Furness Borough Council,https://www.barrowbc.gov.uk/_resources/assets/attachment/full/0/7819.pdf
Basildon_Borough_Council.pdf,Basildon Borough Council,https://www.basildon.gov.uk/media/8646/Basildon-Council-Revised-Publication-Local-Plan-Oct-2018/pdf/Basildon_Council_-_Revised_Publication_Local_Plan_-_Oct_2018.pdf
Basingstoke_and_Deane_Borough_Council.pdf,Basingstoke and Deane Borough Council,https://www.basingstoke.gov.uk/content/doclib/1592.pdf
Bassetlaw_District_Council.pdf,Bassetlaw District Council,https://www.bassetlaw.gov.uk/media/6694/pub-015-local-plan-addendum-final.pdf
Bath_and_North_East_Somerset_Council.pdf,Bath and North East Somerset Council,https://www.bathnes.gov.uk/sites/default/files/sitedocuments/Planning-and-Building-Control/Planning-Policy/Core-Strategy/core_strategy_-_adopted_interactive_version.pdf
Bedford_Borough_Council.pdf,Bedford Borough Council,https://edrms.bedford.gov.uk/OpenDocument.aspx?id=xivh8bP%2bAJZXEaq26SnEFQ%3d%3d&name=PLAN%20FOR%20SUBMISSION.pdf
Birmingham_City_Council.pdf,Birmingham City Council,https://www.birmingham.gov.uk/download/downloads/id/5433/adopted_birmingham_development_plan_2031.pdf
Blaby_District_Council.pdf,Blaby District Council,https://www.blaby.gov.uk/media/3421/issues-and-options-document.pdf
Blackburn_with_Darwen_Borough_Council.pdf,Blackburn with Darwen Borough Council,https://blackburn-darwen.org.uk/wp-content/uploads/Local-Plan-Reg19-Document-wo.pdf
Blackpool_Borough_Council.pdf,Blackpool Borough Council,https://www.blackpool.gov.uk/Residents/Planning-environment-and-community/Documents/J118003-107575-2016-updated-17-Feb-2016-High-Res.pdf
Bolsover_District_Council.pdf,Bolsover District Council,https://www.bolsover.gov.uk/images/LIVE/P/Plan_NLP_Local_Plan_for_Bolsover_District_March_2020.pdf
Bolton_Metropolitan_Borough_Council.pdf,Bolton Metropolitan Borough Council,https://www.greatermanchester-ca.gov.uk/media/4682/places-for-everyone-compressed.pdf
Borough_Council_of_King's_Lynn_and_West_Norfolk.pdf,Borough Council of King's Lynn and West Norfolk,https://www.west-norfolk.gov.uk/site/custom_scripts/static_content/_large_files/20190221_local_plan_review_document.pdf
Borough_of_Poole.pdf,Borough of Poole,https://www.poole.gov.uk/_resources/assets/attachment/full/0/47235.pdf
Boston_Borough_Council.pdf,Boston Borough Council,http://www.southeastlincslocalplan.org/wp-content/uploads/2019/02/Local-Plan-text-March-2019.pdf
Bournemouth_Borough_Council.pdf,Bournemouth Borough Council,https://www.bournemouth.gov.uk/planningbuilding/CoreStrategyDocuments/Core-Strategy-(1).pdf
"Bournemouth,_Christchurch_and_Poole.pdf","Bournemouth, Christchurch and Poole",https://storymaps.arcgis.com/collections/f14976df158c482da090ef11c33afe79?item=6
Bracknell_Forest_Council.pdf,Bracknell Forest Council,https://consult.bracknell-forest.gov.uk/resources/portal/supportingfiles/714771
Braintree_District_Council.pdf,Braintree District Council,https://www.braintree.gov.uk/downloads/file/3022/local-plan-2013-2033-section-1-adopted-febraury-2021-
Breckland_District_Council.pdf,Breckland District Council,https://www.breckland.gov.uk/media/14974/Appendix-4-Breckland-District-Council-Local-Plan-Text/pdf/Appendix_4_-_Breckland_District_Council_Local_Plan_text_linked.pdf?m=637121709009770000
Brentwood_Borough_Council.pdf,Brentwood Borough Council,https://www.brentwood.gov.uk/documents/20124/533660/Brentwood+Local+Plan+2016-2033.pdf/e42126c6-8fa7-1281-7ab7-fcb62ba38a51?t=1648472176542
Brighton_and_Hove_City_Council.pdf,Brighton and Hove City Council,https://www.brighton-hove.gov.uk/sites/brighton-hove.gov.uk/files/FINAL%20version%20cityplan%20March%202016compreswith%20forward_0.pdf
Bristol_City_Council.pdf,Bristol City Council,https://www.bristol.gov.uk/documents/20182/34536/Local+Plan+Review+-+Draft+Policies+and+Development+Allocations+-+Web.pdf/2077eef6-c9ae-3582-e921-b5d846762645
Broadland_District_Council.pdf,Broadland District Council,https://www.gnlp.org.uk/sites/gnlp/files/2021-01/Reg%2019%20final%20formatted_0.pdf
Broads_Authority.pdf,Broads Authority,https://www.broads-authority.gov.uk/__data/assets/pdf_file/0004/1581916/Local-Plan-for-the-Broads.pdf
Bromsgrove_District_Council.pdf,Bromsgrove District Council,https://www.bromsgrove.gov.uk/media/3926027/Issues-and-Options-Consultation-Document-24-09-18.pdf
Broxbourne_Borough_Council.pdf,Broxbourne Borough Council,https://ex.broxbourne.gov.uk/sites/default/files/Documents/Planning_Policy/LOCAL%20PLAN%202018-2033%20-%20JUNE%202020.pdf
Broxtowe_Borough_Council.pdf,Broxtowe Borough Council,https://www.gnplan.org.uk/media/3375921/preferred-approach-document.pdf
Broxtowe_Borough_Council.pdf,Broxtowe Borough Council,https://www.gnplan.org.uk/media/3375921/preferred-approach-document.pdf
Burnley_Borough_Council.pdf,Burnley Borough Council,https://www.burnley.gov.uk/sites/default/files/Burnley%27s%20Local%20Plan%20Adopted%20Version%20-%20Final.pdf
Bury_Metropolitan_Borough_Council.pdf,Bury Metropolitan Borough Council,https://www.greatermanchester-ca.gov.uk/media/4682/places-for-everyone-compressed.pdf
Calderdale_Metropolitan_Borough_Council.pdf,Calderdale Metropolitan Borough Council,http://calderdale-consult.limehouse.co.uk/portal/planning_services/lpp18/lpp18?pointId=4796887
Cambridge_City_Council.pdf,Cambridge City Council,https://www.cambridge.gov.uk/media/6890/local-plan-2018.pdf
Cannock_Chase_District_Council.pdf,Cannock Chase District Council,https://www.cannockchasedc.gov.uk/sites/default/files/06-local_plan_2018_to_2039_reg_19_consultation_rpt_cabinet_250822.pdf
Canterbury_City_Council.pdf,Canterbury City Council,https://www.canterbury.gov.uk/download/downloads/id/868/canterbury_district_local_plan_adopted_july_2017.pdf
Carlisle_City_Council.pdf,Carlisle City Council,http://www.carlisle.gov.uk/Portals/24/Documents/Local_Plan/Carlisle%20District%20Local%20Plan%202015-2030/Carlisle%20District%20Local%20Plan%202015-2030.pdf?timestamp=1481284170512
Castle_Point_Borough_Council.pdf,Castle Point Borough Council,https://www.castlepoint.gov.uk/download.cfm?doc=docm93jijm4n6486.pdf&ver=10419
Central_Bedfordshire_Council.pdf,Central Bedfordshire Council,https://centralbedfordshire.app.box.com/s/gaut5b6wyx5q3icyipfo97t45vyeh9j0/file/837468948612
Charnwood_Borough_Council.pdf,Charnwood Borough Council,https://www.charnwood.gov.uk/files/documents/charnwood_local_plan_2021_37_pre_submission_draft_july_2021/Charnwood%20Local%20Plan%202021-37%20Pre-Submission%20Draft%20July%202021.pdf
Chelmsford_City_Council.pdf,Chelmsford City Council,https://www.chelmsford.gov.uk/_resources/assets/inline/full/0/4260959.pdf
Cheltenham_Borough_Council.pdf,Cheltenham Borough Council,https://www.jointcorestrategy.org/joint-core-strategy-review
Cherwell_District_Council.pdf,Cherwell District Council,https://www.cherwell.gov.uk/download/downloads/id/8144/final-adopted-local-plan-2011-2031-incorporating-re-adopted-policy-bicester-13.pdf
Cheshire_East_Council.pdf,Cheshire East Council,https://www.cheshireeast.gov.uk/pdf/planning/local-plan/local-plan-strategy-web-version-1.pdf
Cheshire_West_and_Chester_Council.pdf,Cheshire West and Chester Council,http://consult.cheshirewestandchester.gov.uk/file/3310073
Chesterfield_Borough_Council.pdf,Chesterfield Borough Council,https://www.chesterfield.gov.uk/media/1312966/chesterfield-borough-local-plan-2018-2035.pdf
Chichester_District_Council.pdf,Chichester District Council,http://www.chichester.gov.uk/CHttpHandler.ashx?id=31058&p=0
Chiltern_District_Council.pdf,Chiltern District Council,https://www.southbucks.gov.uk/media/13288/Draft-Chiltern-and-South-Bucks-Local-Plan-2036/pdf/draft_Chiltern_and_South_Bucks_Local_Plan_2036_Final.pdf?m=636954976691670000
Chorley_Borough_Council.pdf,Chorley Borough Council,https://centrallocalplan.citizenspace.com/central-team/issuesandoptions/supporting_documents/smaller%20%20Main%20IO%20Consultation%20Paper%20FINAL%20111119.pdf
Christchurch_Borough_Council.pdf,Christchurch Borough Council,https://www.dorsetforyou.gov.uk/planning-buildings-land/planning-policy/christchurch/local-development-framework/local-plan-part-1/pdfs/local-plan-part-1/christchurch-and-east-dorset-adopted-core-strategy.pdf
City_of_Bradford_Metropolitan_District_Council.pdf,City of Bradford Metropolitan District Council,https://bradford.oc2.uk/document/20/39562#d40433
City_of_Lincoln_Council.pdf,City of Lincoln Council,https://www.n-kesteven.gov.uk/sites/default/files/2023-03/STA033%20Central%20Lincs%20Local%20Plan%20-%20Inspectors%20Report%20-%20FINAL.pdf
City_of_London_Corporation.pdf,City of London Corporation,https://www.cityoflondon.gov.uk/assets/Services-Environment/cityplan-2036-march-2021.pdf
City_of_Westminster.pdf,City of Westminster,https://www.westminster.gov.uk/media/document/city-plan-2019-2040
City_of_Wolverhampton_Council.pdf,City of Wolverhampton Council,http://blackcountrycorestrategy.dudley.gov.uk/EasysiteWeb/getresource.axd?AssetID=198681&type=full&servicetype=Attachment
City_of_York_Council.pdf,City of York Council,http://www.york.gov.uk/download/downloads/id/15869/cd001_-_city_of_york_local_plan_publication_draft_regulation_19_consultation_february_2018.pdf
Colchester_Borough_Council.pdf,Colchester Borough Council,https://cbccrmdata.blob.core.windows.net/noteattachment/CBC-Local-Plan-North-Essex-Authorities-Shared-Strategic-Section-1-Post%20Committee%20Colchester%2028th%20Jan%2021.pdf
Copeland_Borough_Council.pdf,Copeland Borough Council,https://www.copeland.gov.uk/sites/default/files/attachments/localplanpublicationdraft.pdf
Corby_Borough_Council.pdf,Corby Borough Council,http://www.nnjpdu.org.uk/site/assets/files/1086/joint_core_strategy_2011-2031_high_res_version_for_website.pdf
Cornwall_Council.pdf,Cornwall Council,https://www.cornwall.gov.uk/media/22936789/adopted-local-plan-strategic-policies-2016.pdf
Cotswold_District_Council.pdf,Cotswold District Council,https://www.cotswold.gov.uk/planning-and-building/planning-policy/local-plan-2011-to-2031/
Coventry_City_Council.pdf,Coventry City Council,http://www.coventry.gov.uk/download/downloads/id/25899/final_local_plan_december_2017.pdf
Craven_District_Council.pdf,Craven District Council,https://www.cravendc.gov.uk/media/8733/z-local-plans-ldf-314-local-plan-adoption-2019-lp-adoption-docs-final-adoption-local-plan-pdfs-craven-local-plan-appendices-and-policies-map.pdf
Crawley_Borough_Council.pdf,Crawley Borough Council,https://crawley.gov.uk/sites/default/files/2021-01/Submission%20Draft%20Local%20Plan%20January%202021.pdf
Crawley_Borough_Council.pdf,Crawley Borough Council,https://crawley.gov.uk/sites/default/files/2021-01/Submission%20Draft%20Local%20Plan%20January%202021.pdf
Dacorum_Borough_Council.pdf,Dacorum Borough Council,https://www.dacorum.gov.uk/docs/default-source/strategic-planning/part-1---local-plan-emerging-strategy-for-growth-2020-2038---pages-1-to-187.pdf?sfvrsn=93bf0c9e_10
Darlington_Borough_Council.pdf,Darlington Borough Council,https://microsites.darlington.gov.uk/media/2281/local-plan-adopted-feb22-web.pdf
Dartford_Borough_Council.pdf,Dartford Borough Council,https://www.dartford.gov.uk/__data/assets/pdf_file/0004/1190218/Revised-Draft-Publication-Plan-CLEAN-FINAL-Sept-21.pdf
Dartmoor_National_Park_Authority.pdf,Dartmoor National Park Authority,https://www.dartmoor.gov.uk/__data/assets/pdf_file/0015/410127/LP_Adopted.pdf
Daventry_District_Council.pdf,Daventry District Council,https://westnorthantsplan.inconsult.uk/gf2.ti/f/1046082/54068613.1/PDF/-/WNSP_FINAL_smaller_003.pdf
Derby_City_Council.pdf,Derby City Council,https://www.derby.gov.uk/media/derbycitycouncil/contentassets/documents/policiesandguidance/planning/Core%20Strategy_ADOPTED_DEC%202016_V3_WEB.pdf
Derbyshire_Dales_District_Council.pdf,Derbyshire Dales District Council,http://www.derbyshiredales.gov.uk/images/L/DDDC_Planning_Doc_2018_vweb2.pdf
Doncaster_Metropolitan_Borough_Council.pdf,Doncaster Metropolitan Borough Council,https://dmbcwebstolive01.blob.core.windows.net/media/Default/Planning/Documents/Local%20Plan/Submission/Doncaster%20Local%20Plan%20Adopted%2023%20Sept%202021.pdf
Dorset_Council.pdf,Dorset Council,https://www.dorsetcouncil.gov.uk/planning-buildings-land/planning-policy/dorset-council-local-plan/the-plan/pdfs/dclp-jan-2021-dorsetcouncillocalplan-vol1.pdf
Dover_District_Council.pdf,Dover District Council,https://www.doverdistrictlocalplan.co.uk/uploads/pdfs/Dover-District-Local-Plan-Regulation-19-Submission-Document-Oct-2022.pdf
Dudley_Metropolitan_Borough_Council.pdf,Dudley Metropolitan Borough Council,http://blackcountrycorestrategy.dudley.gov.uk/EasysiteWeb/getresource.axd?AssetID=198681&type=full&servicetype=Attachment
Durham_County_Council.pdf,Durham County Council,https://www.durham.gov.uk/media/34069/County-Durham-Plan-adopted-2020-/pdf/CountyDurhamPlanAdopted2020.pdf?m=637388814799330000
Eastbourne_Borough_Council.pdf,Eastbourne Borough Council,https://planningpolicyconsult.lewes-eastbourne.gov.uk/gf2.ti/-/1456610/149564741.1/PDF/-/Eastbourne%20Local%20Plan%20Growth%20Strategy%20Consultation%20-%20FINAL%20201022.pdf
East_Cambridgeshire_District_Council.pdf,East Cambridgeshire District Council,https://www.eastcambs.gov.uk/sites/default/files/CD03%20East%20Cambridgeshire%20Local%20Plan%20SIR%20Stage%203%20consultation%20%28Reg%2019%29%20May%202022%20AC%20Checked_0.pdf
East_Devon_District_Council.pdf,East Devon District Council,https://eastdevon.gov.uk/media/3724891/commonplace-reg-18-final-071122.pdf
East_Dorset_District_Council.pdf,East Dorset District Council,https://www.dorsetforyou.gov.uk/planning-buildings-land/planning-policy/christchurch/local-development-framework/local-plan-part-1/pdfs/local-plan-part-1/christchurch-and-east-dorset-adopted-core-strategy.pdf
East_Hampshire_District_Council.pdf,East Hampshire District Council,http://www.easthants.gov.uk/sites/default/files/documents/Draft%20Local%20Plan.pdf
East_Hertfordshire_District_Council.pdf,East Hertfordshire District Council,https://www.eastherts.gov.uk/media/33185/East-Herts-District-Plan-2018-web-view/PDF/District_Plan_Publish_web_view.pdf
Eastleigh_Borough_Council.pdf,Eastleigh Borough Council,https://www.eastleigh.gov.uk/media/11234/eastleigh-borough-local-plan.pdf
East_Lindsey_District_Council.pdf,East Lindsey District Council,https://www.e-lindsey.gov.uk/media/9791/Core-Strategy/pdf/Final_Version_of_Core_Strategy_2018.pdf?m=636821922732300000
East_Northamptonshire_Council.pdf,East Northamptonshire Council,http://www.nnjpdu.org.uk/site/assets/files/1086/joint_core_strategy_2011-2031_high_res_version_for_website.pdf
East_Riding_of_Yorkshire_Council.pdf,East Riding of Yorkshire Council,https://www.eastriding.gov.uk/EasySiteWeb/GatewayLink.aspx?alId=831356
East_Staffordshire_Borough_Council.pdf,East Staffordshire Borough Council,http://www.eaststaffsbc.gov.uk/sites/default/files/docs/planning/planningpolicy/localplan2012-2031/Local-Plan-2012-2031-FINAL.pdf
East_Staffordshire_Borough_Council.pdf,East Staffordshire Borough Council,http://www.eaststaffsbc.gov.uk/sites/default/files/docs/planning/planningpolicy/localplan2012-2031/Local-Plan-2012-2031-FINAL.pdf
Eden_District_Council.pdf,Eden District Council,https://www.eden.gov.uk/media/5032/edenlocalplan2014-2032finalwithoutforeword.pdf
Elmbridge_Borough_Council.pdf,Elmbridge Borough Council,https://consult.elmbridge.gov.uk/gf2.ti/-/1205954/137701349.1/PDF/-/FINAL%20REG%2019%20DRAFT%20LOCAL%20PLAN%20_.pdf
Epping_Forest_District_Council.pdf,Epping Forest District Council,http://www.efdclocalplan.org/wp-content/uploads/2018/03/EB114-Epping-Forest-District-Local-Plan-Submission-Version-2017.pdf
Epsom_and_Ewell_Borough_Council.pdf,Epsom and Ewell Borough Council,https://www.epsom-ewell.gov.uk/sites/default/files/documents/residents/planning/planning-policy/Core%20Strategy%202007.pdf
Erewash_Borough_Council.pdf,Erewash Borough Council,https://www.erewash.gov.uk/categories/planning/1436-core-strategy-review-policy-document.html
Exeter_City_Council.pdf,Exeter City Council,https://exeter.gov.uk/media/1636/adopted-core-strategy.pdf
Exmoor_National_Park_Authority.pdf,Exmoor National Park Authority,http://www.exmoor-nationalpark.gov.uk/__data/assets/pdf_file/0011/1493498/Local-Plan-2011-2031-for-web.pdf
Fareham_Borough_Council.pdf,Fareham Borough Council,https://www.fareham.gov.uk/PDF/planning/local_plan/CD001_Revised_Publication_Local_Plan.pdf
Fenland_District_Council.pdf,Fenland District Council,https://www.fenland.gov.uk/media/18814/Draft-Local-Plan-August-2022/pdf/Draft_Local_Plan_for_Consultation_Aug_2022.pdf?m=637967739565370000
Folkestone_and_Hythe_Council.pdf,Folkestone and Hythe Council,https://www.folkestone-hythe.gov.uk/Core-strategy-review-2020
Forest_Heath_District_Council.pdf,Forest Heath District Council,https://www.westsuffolk.gov.uk/planning/Planning_Policies/local_plans/upload/Final-SIR-September-2019.pdf
Forest_of_Dean_District_Council.pdf,Forest of Dean District Council,https://meetings.fdean.gov.uk/documents/s27466/PH.451%20Local%20Plan%20preferred%20Option%20cab%20081020.pdf
Fylde_Borough_Council.pdf,Fylde Borough Council,https://new.fylde.gov.uk/wp-content/uploads/2021/12/Fylde-Local-Plan-to-2032-incorporating-Partial-Review-adopted.pdf
Gateshead_Metropolitan_Borough_Council.pdf,Gateshead Metropolitan Borough Council,https://www.newcastle.gov.uk/sites/default/files/2019-01/planning_for_the_future_core_strategy_and_urban_core_plan_2010-2030.pdf
Gedling_Borough_Council.pdf,Gedling Borough Council,https://www.gnplan.org.uk/media/3375921/preferred-approach-document.pdf
Gloucester_City_Council.pdf,Gloucester City Council,https://www.jointcorestrategy.org/joint-core-strategy-review
Gosport_Borough_Council.pdf,Gosport Borough Council,https://www.gosport.gov.uk/media/3525/Draft-Gosport-Borough-Local-Plan-2038/pdf/Gosport_Borough_Local_Plan_20381.pdf?m=637680107215570000
Gravesham_Borough_Council.pdf,Gravesham Borough Council,https://localplan.gravesham.gov.uk/gf2.ti/f/1210690/83755045.1/PDF/-/Regulation_18_Stage_2_LPCS_Partial_Review_and_Site_Allocations_Main_Document_Final.pdf
Great_Yarmouth_Borough_Council.pdf,Great Yarmouth Borough Council,https://www.great-yarmouth.gov.uk/article/2489/Current-Local-Plan
Guildford_Borough_Council.pdf,Guildford Borough Council,https://www.guildford.gov.uk/newlocalplan/media/29743/Appendix-Schedule-of-main-modifications/pdf/Schedule_of_Main_Modifications.pdf
Halton_Borough_Council.pdf,Halton Borough Council,https://www4.halton.gov.uk/Documents/planning/planning%20policy/newdalp/DALP-%20Adopted%20%28Links%29%20Web%20v1-2.pdf
Hambleton_District_Council.pdf,Hambleton District Council,https://www.hambleton.gov.uk/downloads/file/2745/hambleton-local-plan-final-february-2022
Harborough_District_Council.pdf,Harborough District Council,http://www.harborough.gov.uk/download/downloads/id/5714/harborough_local_plan_2011-2031_-_adopted_april_2019.pdf
Harlow_District_Council.pdf,Harlow District Council,https://www.harlow.gov.uk/sites/default/files/documents/EX0091%20-%20Main%20Modifications%20schedule%20%28final%20version%29.pdf
Harrogate_Borough_Council.pdf,Harrogate Borough Council,https://www.harrogate.gov.uk/info/20101/planning_policy_and_the_local_plan/548/current_harrogate_district_local_plan
Hart_District_Council.pdf,Hart District Council,https://www.hart.gov.uk/sites/default/files/4_The_Council/Policies_and_published_documents/Planning_policy/Local_Plan/Hart%20LPS%26S%20working%20draft%20v3%201%20May%202020.pdf
Hartlepool_Borough_Council.pdf,Hartlepool Borough Council,https://www.hartlepool.gov.uk/download/downloads/id/4393/hartlepool_local_plan_-_adopted_may_2018pdf.pdf
Hastings_Borough_Council.pdf,Hastings Borough Council,https://www.hastings.gov.uk/content/planning/planning_policy/local_plan/pdfs/planning_strat_2013_18_Feb_lo_res_(2).pdf
Havant_Borough_Council.pdf,Havant Borough Council,http://www.havant.gov.uk/sites/default/files/documents/ADOPTED%20CORE%20STRATEGY%20.pdf
Herefordshire_Council.pdf,Herefordshire Council,https://www.herefordshire.gov.uk/download/downloads/id/1788/core_strategy_sections_combined.pdf
Hertsmere_Borough_Council.pdf,Hertsmere Borough Council,https://www.hertsmere.gov.uk/Documents/09-Planning--Building-Control/Planning-Policy/Local-Development-Framework/Core-Strategy-DPD-2013.pdf
High_Peak_Borough_Council.pdf,High Peak Borough Council,https://www.highpeak.gov.uk/media/160/The-High-Peak-Local-Plan-Adopted-April-2016/pdf/The_High_Peak_Local_Plan_Adopted_April_2016.pdf
Hinckley_and_Bosworth_Borough_Council.pdf,Hinckley and Bosworth Borough Council,https://hinckleybosworth-my.sharepoint.com/:b:/g/personal/developmentservices_hinckleybosworth_onmicrosoft_com/EXkuLLPNsiFDoptDePcMXWsB-8lUK8KU54HwFVmMhKnioQ?e=Hnti4Q
Horsham_District_Council.pdf,Horsham District Council,https://strategicplanning.horsham.gov.uk/consult.ti/LocalPlanReview/viewCompoundDoc?docid=10336756&sessionid=&voteid=&partId=10338164
Hull_City_Council.pdf,Hull City Council,http://hullcc-consult.limehouse.co.uk/file/4824425
Huntingdonshire_District_Council.pdf,Huntingdonshire District Council,https://www.huntingdonshire.gov.uk/media/3872/190516-final-adopted-local-plan-to-2036.pdf
Hyndburn_Borough_Council.pdf,Hyndburn Borough Council,https://www.hyndburnbc.gov.uk/wp-content/uploads/2022/10/Local-Plan-PROPOSED-SUBMISSION-Reg-19_Draft-OCTOBER-2022.pdf
Ipswich_Borough_Council.pdf,Ipswich Borough Council,https://www.ipswich.gov.uk/services/adopted-ipswich-local-plan-2018-2036
Isle_of_Wight_Council.pdf,Isle of Wight Council,https://www.iow.gov.uk/azservices/documents/2981-Final-Draft-IPS-for-Consultation.pdf
Isles_of_Scilly_Council.pdf,Isles of Scilly Council,https://www.scilly.gov.uk/sites/default/files/planning-apps/Modified%20Local%20Plan%20-%20No%20Maps%2C%20No%20pitcures%20March%202021_0.pdf
Kettering_Borough_Council.pdf,Kettering Borough Council,http://www.nnjpdu.org.uk/site/assets/files/1086/joint_core_strategy_2011-2031_high_res_version_for_website.pdf
Kirklees_Council.pdf,Kirklees Council,http://www.kirklees.gov.uk/beta/planning-policy/pdf/local-plan-inspectors-report/Inspectors-Report-Appendix-SD1-Main-modifications-Strategy-and-Policies.pdf
Knowsley_Metropolitan_Borough_Council.pdf,Knowsley Metropolitan Borough Council,https://localplanmaps.knowsley.gov.uk/documents/knowsley-local-plan-adopted-core-strategy.pdf
Lake_District_National_Park_Authority.pdf,Lake District National Park Authority,https://www.lakedistrict.gov.uk/__data/assets/pdf_file/0043/388987/Lake-District-Local-PLan-2020-2035-FINAL-ADOPTED.pdf
Lancaster_City_Council.pdf,Lancaster City Council,http://www.lancaster.gov.uk/assets/attach/6159/Strategic%20Policies%20Land%20Allocations%20DPD%20Adoption%20Version%202020.pdf
Leeds_City_Council.pdf,Leeds City Council,https://www.leeds.gov.uk/Local%20Plans/Adopted%20Core%20Strategy/CSSR%20Polices%20Adoption%20Sept%202019%20Final.pdf
Leicester_City_Council.pdf,Leicester City Council,https://consultations.leicester.gov.uk/sec/local-plan/user_uploads/local-plan-r19-2.pdf
Lewes_District_Council.pdf,Lewes District Council,https://www.lewes-eastbourne.gov.uk/_resources/assets/inline/full/0/257159.pdf
Lichfield_District_Council.pdf,Lichfield District Council,https://www.lichfielddc.gov.uk/downloads/file/1928/local-plan-2040-publication-document
Liverpool_City_Council.pdf,Liverpool City Council,https://liverpool.gov.uk/media/1361302/01-liverpool-local-plan-main-document.pdf
London_Borough_of_Barking_and_Dagenham.pdf,London Borough of Barking and Dagenham,https://local-plans-prototype.herokuapp.com/local-plans/local-authority-eng:BDG
London_Borough_of_Barnet.pdf,London Borough of Barnet,https://www.barnet.gov.uk/sites/default/files/local_plan_reg_19.pdf
London_Borough_of_Bexley.pdf,London Borough of Bexley,https://www.bexley.gov.uk/sites/default/files/2021-05/Draft-local-plan-proposed-submission-document-reg-19-may-2021.pdf
London_Borough_of_Brent.pdf,London Borough of Brent,https://www.brent.gov.uk/media/16419966/2_brent-lp-main-mods-appendix-final_accessible.pdf
London_Borough_of_Bromley.pdf,London Borough of Bromley,https://www.bromley.gov.uk/download/downloads/id/4768/bromley_local_plan.pdf
London_Borough_of_Camden.pdf,London Borough of Camden,https://www.camden.gov.uk/documents/20142/4820180/Local+Plan.pdf/ce6e992a-91f9-3a60-720c-70290fab78a6
London_Borough_of_Croydon.pdf,London Borough of Croydon,https://www.croydon.gov.uk/sites/default/files/2022-01/proposed-submission-of-croydon-local-plan-2019-to-2039-tracked-changes.pdf
London_Borough_of_Ealing.pdf,London Borough of Ealing,https://www.ealing.gov.uk/download/downloads/id/18475/local_plan_-_foreword_contents_chapters_1_-_3.pdf
London_Borough_of_Enfield.pdf,London Borough of Enfield,https://www.enfield.gov.uk/__data/assets/pdf_file/0023/12668/ELP-2039-Reg-18-for-consultation-Planning.pdf
London_Borough_of_Hackney.pdf,London Borough of Hackney,https://drive.google.com/file/d/1HRu0A_fdoWUi3OBfzUT03TT4S9gYwHDq/view?usp=sharing
London_Borough_of_Hammersmith_&_Fulham.pdf,London Borough of Hammersmith & Fulham,https://www.lbhf.gov.uk/sites/default/files/section_attachments/local_plan_2018_web_version.pdf
London_Borough_of_Haringey.pdf,London Borough of Haringey,https://www.haringey.gov.uk/sites/haringeygovuk/files/final_haringey_local_plan_2017_online.pdf
London_Borough_of_Harrow.pdf,London Borough of Harrow,http://www.harrow.gov.uk/download/downloads/id/1793/harrow_core_strategy
London_Borough_of_Havering.pdf,London Borough of Havering,https://www.havering.gov.uk/downloads/file/5300/havering_local_plan_2016_-_2031
London_Borough_of_Hillingdon.pdf,London Borough of Hillingdon,https://www.hillingdon.gov.uk/media/27633/Hillingdon-Local-Plan-Part-1--Strategic-Policies-Published-version/pdf/Local_Plan_Part_1_Strategic_Policies_15_feb_2013_a.pdf
London_Borough_of_Hounslow.pdf,London Borough of Hounslow,https://www.hounslow.gov.uk/info/20167/local_plan/1545/local_plan_reviews
London_Borough_of_Islington.pdf,London Borough of Islington,https://www.islington.gov.uk/-/media/sharepoint-lists/public-records/planningandbuildingcontrol/publicity/publicconsultation/20192020/20190904localplanstrategicanddmpoliciesdpdproposedsubmissionregulation19.pdf?la=en&hash=FF3732C05A253BDA47D04FB825CCD3730779D15A
London_Borough_of_Lambeth.pdf,London Borough of Lambeth,https://beta.lambeth.gov.uk/sites/default/files/2021-09/Lambeth%20Local%20Plan%202021.pdf
London_Borough_of_Lewisham.pdf,London Borough of Lewisham,https://lewisham.gov.uk/-/media/lewishan-local-plan-document_accessible_rev01.ashx?la=en
London_Borough_of_Merton.pdf,London Borough of Merton,https://www.merton.gov.uk/Documents/11%20Housing%20Merton%20Local%20Plan%20Reg19%20July21.pdf
London_Borough_of_Newham.pdf,London Borough of Newham,https://www.newham.gov.uk/downloads/file/5486/newham-local-plan-december-2022-web-final
London_Borough_of_Redbridge.pdf,London Borough of Redbridge,https://www.redbridge.gov.uk/media/4934/10-redbridgelocal-plan_070318_web-1.pdf
London_Borough_of_Richmond_upon_Thames.pdf,London Borough of Richmond upon Thames,https://www.richmond.gov.uk/media/22984/draft_local_plan_low_resolution.pdf
London_Borough_of_Southwark.pdf,London Borough of Southwark,https://www.southwark.gov.uk/assets/attach/94325/Southwark-Plan-2022.pdf
London_Borough_of_Sutton.pdf,London Borough of Sutton,https://drive.google.com/open?id=1MdX6GlaHDoBdG6CTsvjFaIuPtIa9id5O
London_Borough_of_Tower_Hamlets.pdf,London Borough of Tower Hamlets,https://www.towerhamlets.gov.uk/Documents/Planning-and-building-control/Strategic-Planning/Local-Plan/Final-Local-Plan-v10.pdf
London_Borough_of_Waltham_Forest.pdf,London Borough of Waltham Forest,https://www.walthamforest.gov.uk/sites/default/files/Proposed%20Submission%20Local%20Plan%20-%20LP1%2023Oct20_compress2%20%28002%29.pdf
London_Borough_of_Wandsworth.pdf,London Borough of Wandsworth,https://www.wandsworth.gov.uk/media/large/adopted_local_plan.pdf
London_Legacy_Development_Corporation.pdf,London Legacy Development Corporation,https://www.queenelizabetholympicpark.co.uk/-/media/lldc/local-plan/adoption-local-plan-2020/local-plan_july-2020.ashx?la=en
Luton_Borough_Council.pdf,Luton Borough Council,https://www.luton.gov.uk/Environment/Lists/LutonDocuments/PDF/Local%20Plan/adoption/Luton-Local-Plan-2011-2031-November-2017.pdf
Maidstone_Borough_Council.pdf,Maidstone Borough Council,https://localplan.maidstone.gov.uk/home/documents/local-plan-review-documents/regulation-19/LPR-Regulation-19-Document-25.10.21-Final-Copy.pdf
Maldon_District_Council.pdf,Maldon District Council,https://maldon.inconsult.uk/Issues/viewCompoundDoc?docid=12545524&sessionid=&voteid=&partId=12546164
Malvern_Hills_District_Council.pdf,Malvern Hills District Council,https://www.swdevelopmentplan.org/component/fileman/file/Documents/SWDPR%20Reg%2019%20Docs/Accessible%20SWDP%20Review%20Regulation%2019%20%281%29.pdf?routed=1&container=fileman-files
Manchester_City_Council.pdf,Manchester City Council,https://www.greatermanchester-ca.gov.uk/media/4682/places-for-everyone-compressed.pdf
Mansfield_District_Council.pdf,Mansfield District Council,https://www.mansfield.gov.uk/downloads/file/1645/mdc-adopted-local-plan-2020
Mansfield_District_Council.pdf,Mansfield District Council,https://www.mansfield.gov.uk/downloads/file/1645/mdc-adopted-local-plan-2020
Melton_Borough_Council.pdf,Melton Borough Council,https://docs.wixstatic.com/ugd/2778e0_865e0289bce64d46932c93247b3f2d6c.pdf
Mendip_District_Council.pdf,Mendip District Council,https://www.mendip.gov.uk/media/9073/Adopted-Local-Plan-2014/pdf/Adopted_Local_Plan_2014_with_erratum_note.pdf?m=635687489961600000
Mid_Devon_District_Council.pdf,Mid Devon District Council,https://www.middevon.gov.uk/media/350631/local-plan-review-final-adopted-version_accessible.pdf
Middlesbrough_Borough_Council.pdf,Middlesbrough Borough Council,https://middlesbrough.gov.uk/sites/default/files/PlanPol-Housing_Local_Plan.pdf
Mid_Suffolk_District_Council.pdf,Mid Suffolk District Council,https://www.babergh.gov.uk/assets/Strategic-Planning/JLPReg19/Part-1-Objective-and-Strategic-Policies-Part-2-Local-Policies.pdf
Mid_Sussex_District_Council.pdf,Mid Sussex District Council,https://www.midsussex.gov.uk/media/3406/mid-sussex-district-plan.pdf
Milton_Keynes_Council.pdf,Milton Keynes Council,https://www.milton-keynes.gov.uk/assets/attach/59310/PlanMK%20Adoption%20Version%20(March%202019).pdf
Mole_Valley_District_Council.pdf,Mole Valley District Council,https://www.molevalley.gov.uk/sites/default/files/2021-09/Draft%20Local%20Plan%20%28Proposed%20Submission%20Version%20-%20Regulation%2019%29%20%28MVDC%2C%202021%29.pdf
Newark_and_Sherwood_District_Council.pdf,Newark and Sherwood District Council,https://www.newark-sherwooddc.gov.uk/media/newarkandsherwood/imagesandfiles/planningpolicy/pdfs/corestrategy/Amended%20Core%20Strategy%202.pdf
Newcastle_City_Council.pdf,Newcastle City Council,https://www.newcastle.gov.uk/sites/default/files/2019-01/planning_for_the_future_core_strategy_and_urban_core_plan_2010-2030.pdf
Newcastle-under-Lyme_Borough_Council.pdf,Newcastle-under-Lyme Borough Council,https://www.newcastle-staffs.gov.uk/sites/default/files/IMCE/Planning/Planning_Policy/SpatialStrategy/Core%20Strategy%20Final%20Version%20-%2028th%20October.pdf
New_Forest_District_Council.pdf,New Forest District Council,https://www.newforest.gov.uk/media/705/Local-Plan-Document-2016-2036/pdf/Local_Plan_2016_2036FINAL_v2.pdf?m=637304853970400000
New_Forest_National_Park_Authority.pdf,New Forest National Park Authority,https://www.newforestnpa.gov.uk/app/uploads/2018/03/Submission_draft_Local_Plan__January_2018_.docx.pdf
Northampton_Borough_Council.pdf,Northampton Borough Council,https://westnorthantsplan.inconsult.uk/gf2.ti/f/1046082/54068613.1/PDF/-/WNSP_FINAL_smaller_003.pdf
North_Devon_District_Council.pdf,North Devon District Council,file:///Users/pebdesign/Downloads/North%20Devon%20and%20Torridge%20Local%20Plan%20-%20Adopted%20October%202018%20(Reduced).pdf
North_Dorset_District_Council.pdf,North Dorset District Council,https://www.dorsetcouncil.gov.uk/planning-buildings-land/planning-policy/north-dorset/the-north-dorset-local-plan/pdfs/pdfs-north-dorset-local-plan/north-dorset-local-plan-part-1-policy-1-to-21.pdf
North_East_Derbyshire_District_Council.pdf,North East Derbyshire District Council,https://www.ne-derbyshire.gov.uk/component/edocman/adopted-ned-local-plan-2014-2034/download?Itemid=0
North_East_Lincolnshire_Council.pdf,North East Lincolnshire Council,https://www.nelincs.gov.uk/wp-content/uploads/2018/05/20180518-AdoptedLocalPlan2018-WEB.pdf
North_Hertfordshire_District_Council.pdf,North Hertfordshire District Council,https://www.north-herts.gov.uk/sites/default/files/2022-11/Local%20Plan%20Final%20Version%20post%20Full%20Council%202022.11.16.pdf
North_Kesteven_District_Council.pdf,North Kesteven District Council,https://www.n-kesteven.gov.uk/sites/default/files/2023-03/STA033%20Central%20Lincs%20Local%20Plan%20-%20Inspectors%20Report%20-%20FINAL.pdf
North_Lincolnshire_Council.pdf,North Lincolnshire Council,https://m.northlincs.gov.uk/public/localplan/examination/Draft%20Local%20Plan%20and%20Supporting%20Information/Regulation%2019%20Publication%20Draft%20Local%20Plan.pdf
North_Norfolk_District_Council.pdf,North Norfolk District Council,https://www.north-norfolk.gov.uk/media/7466/local-plan-proposed-submission-version-reg-19-publication.pdf
North_Northamptonshire_Council.pdf,North Northamptonshire Council,https://northnorthants.citizenspace.com/planning/north-northants-strategic-plan-scope-and-issues-co/user_uploads/north-northamptonshire-strategic-plan-scope-and-issues-.pdf
North_Somerset_Council.pdf,North Somerset Council,https://mhclg.sharepoint.com/:w:/r/sites/DevelopmentPlans/_layouts/15/Doc.aspx?sourcedoc=%7BC198ECE0-D06D-442E-B510-DDB6C3993090%7D&file=N%20Somerset%20advisory%20No%202%20Aug%202022.doc&action=default&mobileredirect=true
North_Tyneside_Metropolitan_Borough_Council.pdf,North Tyneside Metropolitan Borough Council,https://my.northtyneside.gov.uk/sites/default/files/web-page-related-files/North%20Tyneside%20Local%20Plan%202017-2032.pdf
Northumberland_County_Council.pdf,Northumberland County Council,https://www.northumberland.gov.uk/NorthumberlandCountyCouncil/media/Planning-and-Building/planning%20policy/Local%20Plan/Northumberland-Local-Plan-Adopted-March-2022.pdf
Northumberland_National_Park_Authority.pdf,Northumberland National Park Authority,https://nnp-tacdesign.netdna-ssl.com/wp-content/uploads/2020/07/NNP-Local-Plan-July-2020-Adopted-1.pdf
North_Warwickshire_Borough_Council.pdf,North Warwickshire Borough Council,https://www.northwarks.gov.uk/download/downloads/id/8839/local_plan_adopted_september_2021.pdf
North_West_Leicestershire_District_Council.pdf,North West Leicestershire District Council,https://www.nwleics.gov.uk/files/documents/adopted_local_plan_2011_20312/Adopted%20Written%20Statement.pdf
North_York_Moors_National_Park_Authority.pdf,North York Moors National Park Authority,https://www.northyorkmoors.org.uk/planning/framework/Local-Plan-FINAL-Web-July-2020.pdf
North_York_Moors_National_Park_Authority.pdf,North York Moors National Park Authority,https://www.northyorkmoors.org.uk/planning/framework/Local-Plan-FINAL-Web-July-2020.pdf
Norwich_City_Council.pdf,Norwich City Council,https://www.gnlp.org.uk/sites/gnlp/files/2021-01/Reg%2019%20final%20formatted_0.pdf
Nottingham_City_Council.pdf,Nottingham City Council,https://www.gnplan.org.uk/media/3375921/preferred-approach-document.pdf
Nuneaton_and_Bedworth_Borough_Council.pdf,Nuneaton and Bedworth Borough Council,https://www.nuneatonandbedworth.gov.uk/download/downloads/id/5084/publication_draft_version_of_the_borough_plan_review_2021-2039.pdf
Oadby_and_Wigston_Borough_Council.pdf,Oadby and Wigston Borough Council,https://www.oadby-wigston.gov.uk/files/documents/local_plan_submission_document/LP6.01%20Submission%20Local%20Plan%20January%202018.pdf
Oldham_Metropolitan_Borough_Council.pdf,Oldham Metropolitan Borough Council,https://www.greatermanchester-ca.gov.uk/media/4682/places-for-everyone-compressed.pdf
Old_Oak_and_Park_Royal_Development_Corporation.pdf,Old Oak and Park Royal Development Corporation,https://www.london.gov.uk/sites/default/files/opdc_local_plan_2022_june_2022_including_appendix_0.pdf
Oxford_City_Council.pdf,Oxford City Council,https://www.oxford.gov.uk/downloads/file/8114/ch2_-_occ_local_plan_2040_-_preferred_options
Oxford_City_Council.pdf,Oxford City Council,https://www.oxford.gov.uk/downloads/file/8114/ch2_-_occ_local_plan_2040_-_preferred_options
Pendle_Borough_Council.pdf,Pendle Borough Council,https://www.pendle.gov.uk/downloads/file/7888/local_development_scheme_seventh_revision_2022
Peterborough_City_Council.pdf,Peterborough City Council,https://drive.google.com/file/d/1vMt4P8dlTB575MumAZK6R9KE9Zxz5QVV/view
Plymouth_City_Council.pdf,Plymouth City Council,https://www.plymouth.gov.uk/plymouthandsouthwestdevonjointlocalplan/plymouthandsouthwestdevonjointlocalplanadoption
Portsmouth_City_Council.pdf,Portsmouth City Council,https://www.portsmouth.gov.uk/wp-content/uploads/2021/09/207.9-Local-plan-2021-document-FULL-ACCESSIBLE.pdf
Preston_City_Council.pdf,Preston City Council,https://centrallocalplan.citizenspace.com/central-team/issuesandoptions/supporting_documents/smaller%20%20Main%20IO%20Consultation%20Paper%20FINAL%20111119.pdf
Purbeck_District_Council.pdf,Purbeck District Council,https://www.dorsetforyou.gov.uk/planning-buildings-land/planning-policy/purbeck/local-plan-review-purbeck/pdfs/pre-submission-documents/purbeck-local-plan-pre-submission.pdf
Reading_Borough_Council.pdf,Reading Borough Council,https://www.reading.gov.uk/media/10410/Reading-Borough-Council-Local-Plan/pdf/Local_Plan_Adopted_November_2019.pdf
Redcar_and_Cleveland_Borough_Council.pdf,Redcar and Cleveland Borough Council,https://www.redcar-cleveland.gov.uk/resident/planning-and-building/strategic%20planning/Documents/Local%20Plan%20Adopted%20May%202018.pdf
Redditch_Borough_Council.pdf,Redditch Borough Council,https://www.redditchbc.gov.uk/media/2751956/Adopted-BORLP4-low-res-17-02-17.pdf
Reigate_and_Banstead_Borough_Council.pdf,Reigate and Banstead Borough Council,http://www.reigate-banstead.gov.uk/download/downloads/id/3073/adopted_core_strategy_july_2014.pdf
Ribble_Valley_Borough_Council.pdf,Ribble Valley Borough Council,https://www.ribblevalley.gov.uk/downloads/file/3076/regulation-18-strategic-matters-consultation-document
Richmondshire_District_Council.pdf,Richmondshire District Council,https://www.richmondshire.gov.uk/media/12295/housing.pdf
Rochdale_Metropolitan_Borough_Council.pdf,Rochdale Metropolitan Borough Council,https://www.greatermanchester-ca.gov.uk/media/4682/places-for-everyone-compressed.pdf
Rochford_District_Council.pdf,Rochford District Council,https://rochford.oc2.uk/docfiles/214/New%20Local%20Plan%20-%20Spatial%20Options%20Document%20(Stylised)%20-%20new%20date.pdf
Rossendale_Borough_Council.pdf,Rossendale Borough Council,https://www.rossendale.gov.uk/download/downloads/id/17076/rossendale_local_plan_2019_to_2036_-_written_statement.pdf
Rother_District_Council.pdf,Rother District Council,http://www.rother.gov.uk/CHttpHandler.ashx?id=22426&p=0
Rotherham_Metropolitan_Borough_Council.pdf,Rotherham Metropolitan Borough Council,https://www.rotherham.gov.uk/download/downloads/id/1571/adopted_rotherham_core_strategy.pdf
Royal_Borough_of_Greenwich.pdf,Royal Borough of Greenwich,https://www.royalgreenwich.gov.uk/download/downloads/id/2869/royal_greenwich_local_plan_core_strategy_with_detailed_policies_main_document.pdf
Royal_Borough_of_Kensington_and_Chelsea.pdf,Royal Borough of Kensington and Chelsea,https://planningconsult.rbkc.gov.uk/gf2.ti/f/1457218/149897861.1/PDF/-/22-10-26%20NLPR%20Working%20Draft%20NLPR%20CLEAN_ACCESSIBLE%20FINAL_Low%20Res.pdf
Royal_Borough_of_Kingston_upon_Thames.pdf,Royal Borough of Kingston upon Thames,https://ehq-production-europe.s3.eu-west-1.amazonaws.com/e3ba0aad800e1a62c2db3a7c79b42e43ed1fb395/original/1669550185/dd231f715e6288fe22df8039239e406a_4479_Kingston%E2%80%99s_Local_Plan_2022_-_07_Housing_Delivery.pdf?X-Amz-Algorithm=AWS4-HMAC-SHA256&X-Amz-Credential=AKIA4KKNQAKICO37GBEP%2F20221129%2Feu-west-1%2Fs3%2Faws4_request&X-Amz-Date=20221129T145611Z&X-Amz-Expires=300&X-Amz-SignedHeaders=host&X-Amz-Signature=773d327294a10ebe02cacc4be8d43b64258880cfc5d19b18cdd70be4addd8916
Royal_Borough_of_Windsor_and_Maidenhead.pdf,Royal Borough of Windsor and Maidenhead,https://consult.rbwm.gov.uk/file/5967538
Rugby_Borough_Council.pdf,Rugby Borough Council,https://www.rugby.gov.uk/download/downloads/id/2319/local_plan_2011-31.pdf
Runnymede_Borough_Council.pdf,Runnymede Borough Council,https://www.runnymede.gov.uk/media/22900/FINAL-Runnymede-2030-Local-Plan-no-covers-v-5-2020-06-05/pdf/FINAL_Runnymede_2030_Local_Plan_no_covers_v.5_2020_06_05.pdf?m=637305827023230000
Rushcliffe_Borough_Council.pdf,Rushcliffe Borough Council,https://www.gnplan.org.uk/media/3375921/preferred-approach-document.pdf
Rushmoor_Borough_Council.pdf,Rushmoor Borough Council,https://www.rushmoor.gov.uk/CHttpHandler.ashx?id=19935&p=0
Rutland_County_Council.pdf,Rutland County Council,https://www.rutland.gov.uk/_resources/assets/attachment/full/0/104417.pdf
Ryedale_District_Council.pdf,Ryedale District Council,https://ryedaleplan.org.uk/attachments/category/12/Local_Plan_Strategy_FINAL.pdf
Salford_City_Council.pdf,Salford City Council,https://www.greatermanchester-ca.gov.uk/media/4682/places-for-everyone-compressed.pdf
Sandwell_Metropolitan_Borough_Council.pdf,Sandwell Metropolitan Borough Council,http://blackcountrycorestrategy.dudley.gov.uk/EasysiteWeb/getresource.axd?AssetID=198681&type=full&servicetype=Attachment
Scarborough_Borough_Council.pdf,Scarborough Borough Council,https://www.scarborough.gov.uk/sites/scarborough.gov.uk/files/Local%20Plan%20Issues%20and%20Options%202020.pdf
Sedgemoor_District_Council.pdf,Sedgemoor District Council,https://www.sedgemoor.gov.uk/media/6202/Sedgemoor-Local-Plan-2011-2032-Adoption-Version/pdf/Local_Plan_2011-2032_-_Adoption_Version.pdf?m=636887820984770000
Sefton_Metropolitan_Borough_Council.pdf,Sefton Metropolitan Borough Council,https://www.sefton.gov.uk/media/1270013/A-Local-Plan-for-Sefton-for-ADOPTION-FINAL.pdf
Selby_District_Council.pdf,Selby District Council,https://selby-consult.objective.co.uk/kse/event/37045/section/s15746850581646#s15746850581646
Sevenoaks_District_Council.pdf,Sevenoaks District Council,https://www.sevenoaks.gov.uk/download/downloads/id/356/core_strategy_adopted_version_february_2011.pdf
Sheffield_City_Council.pdf,Sheffield City Council,https://haveyoursaysheffield.uk.engagementhq.com/20435/widgets/61297/documents/36730
Shropshire_Council.pdf,Shropshire Council,https://shropshire.gov.uk/media/21100/sd002-draft-shropshire-local-plan.pdf
Slough_Borough_Council.pdf,Slough Borough Council,http://www.slough.gov.uk/downloads/Adopted_Core_Strategy_16-12-08.pdf
Solihull_Metropolitan_Borough_Council.pdf,Solihull Metropolitan Borough Council,https://www.solihull.gov.uk/sites/default/files/2021-05/003-Draft-Submission-Plan-Incorporating-Post-Publication-Minor-Modifications-as-Tracked-Changes.pdf
Solihull_Metropolitan_Borough_Council.pdf,Solihull Metropolitan Borough Council,https://www.solihull.gov.uk/sites/default/files/2021-05/003-Draft-Submission-Plan-Incorporating-Post-Publication-Minor-Modifications-as-Tracked-Changes.pdf
Somerset_West_and_Taunton.pdf,Somerset West and Taunton,https://www.somersetwestandtaunton.gov.uk/media/2167/issues-and-options.pdf
Southampton_City_Council.pdf,Southampton City Council,https://yourcityyoursay.southampton.gov.uk/16372/widgets/56916/documents/33232
South_Bucks_District_Council.pdf,South Bucks District Council,https://www.southbucks.gov.uk/media/13288/Draft-Chiltern-and-South-Bucks-Local-Plan-2036/pdf/draft_Chiltern_and_South_Bucks_Local_Plan_2036_Final.pdf?m=636954976691670000
South_Cambridgeshire_District_Council.pdf,South Cambridgeshire District Council,https://www.scambs.gov.uk/media/12740/south-cambridgeshire-adopted-local-plan-270918_sml.pdf
South_Derbyshire_District_Council.pdf,South Derbyshire District Council,https://www.southderbyshire.gov.uk/assets/attach/1770/Local%20Plan%20Part%201%20Chapters%201%20-%204.pdf
South_Downs_National_Park_Authority.pdf,South Downs National Park Authority,https://www.southdowns.gov.uk/wp-content/uploads/2018/04/SDLP-01-Pre-Submission_South_Downs_Local_Plan.pdf
Southend-on-Sea_Borough_Council.pdf,Southend-on-Sea Borough Council,https://localplan.southend.gov.uk/sites/localplan.southend/files/2019-02/Southend%20New%20Local%20Plan.pdf
South_Gloucestershire_Council.pdf,South Gloucestershire Council,http://www.southglos.gov.uk/documents/cleanversionforinterimpublication2.pdf
South_Hams_District_Council.pdf,South Hams District Council,https://www.plymouth.gov.uk/plymouthandsouthwestdevonjointlocalplan/plymouthandsouthwestdevonjointlocalplanadoption
South_Holland_District_Council.pdf,South Holland District Council,http://www.southeastlincslocalplan.org/wp-content/uploads/2019/02/Local-Plan-text-March-2019.pdf
South_Kesteven_District_Council.pdf,South Kesteven District Council,http://www.southkesteven.gov.uk/CHttpHandler.ashx?id=26857&p=0
South_Lakeland_District_Council.pdf,South Lakeland District Council,https://www.southlakeland.gov.uk/media/7644/issues-and-options-report.pdf
South_Norfolk_District_Council.pdf,South Norfolk District Council,https://www.gnlp.org.uk/sites/gnlp/files/2021-01/Reg%2019%20final%20formatted_0.pdf
South_Northamptonshire_Council.pdf,South Northamptonshire Council,https://westnorthantsplan.inconsult.uk/gf2.ti/f/1046082/54068613.1/PDF/-/WNSP_FINAL_smaller_003.pdf
South_Oxfordshire_District_Council.pdf,South Oxfordshire District Council,https://www.southoxon.gov.uk/wp-content/uploads/sites/2/2021/02/SODC-LP2035-Publication-Feb-2021.pdf
South_Ribble_Borough_Council.pdf,South Ribble Borough Council,https://centrallocalplan.citizenspace.com/central-team/issuesandoptions/supporting_documents/smaller%20%20Main%20IO%20Consultation%20Paper%20FINAL%20111119.pdf
South_Somerset_District_Council.pdf,South Somerset District Council,https://www.southsomerset.gov.uk/media/1250/j-plan_pol-web-site-2018-1-local-plan-local-plan-2006-2028-south_somerset_local_plan_2006-2028_adoption_version_march_2015.pdf
South_Staffordshire_Council.pdf,South Staffordshire Council,https://www.sstaffs.gov.uk/doc/183723/name/01%20Publication%20Plan%20Nov%202022%20Final%20Red.pdf/
South_Tyneside_Council.pdf,South Tyneside Council,https://www.southtyneside.gov.uk/media/47705/Draft-Local-Plan-June-2022/pdf/Draft_Local_Plan_2021-2039_FINAL.pdf?m=637908026397670000
Spelthorne_Borough_Council.pdf,Spelthorne Borough Council,https://www.spelthorne.gov.uk/media/25297/Pre-submission-Spelthorne-Local-Plan-2022-2037/pdf/Pre-submission_Spelthorne_Local_Plan_2022_-_2037-compressed.pdf?m=637908842474200000
Stafford_Borough_Council.pdf,Stafford Borough Council,https://www.staffordbc.gov.uk/sites/default/files/cme/DocMan1/Committee-Agenda-22-23/Economic-Development-and-Planning/Special-EDandPlg-4-October-2022-New-Local-Plan/New-Local-Plan-Preferred-Options-BOOKLET-%282%29.pdf
Staffordshire_Moorlands_District_Council.pdf,Staffordshire Moorlands District Council,https://www.staffsmoorlands.gov.uk/media/6155/Adopted-Local-Plan/pdf/Adopted_Local_Plan.pdf?m=1601645140880
St_Albans_City_and_District_Council.pdf,St Albans City and District Council,https://www.stalbans.gov.uk/Images/CD%20002%20St%20Albans%20City%20%26%20District%20Local%20Plan%20Publication%202020-2036_tcm15-67020.pdf
St_Edmundsbury_Borough_Council.pdf,St Edmundsbury Borough Council,https://www.westsuffolk.gov.uk/planning/Planning_Policies/local_plans/upload/Core-Strategy-December-2010.pdf
Stevenage_Borough_Council.pdf,Stevenage Borough Council,http://www.stevenage.gov.uk/content/15953/26379/161749/165485/1710-SBLP-Adoption-Version.pdf
St_Helens_Council.pdf,St Helens Council,https://www.sthelens.gov.uk/media/4315/St-Helens-Borough-Local-Plan-up-to-2037/pdf/Local_Plan_Written_Statement_-_FINAL_adoption_version.pdf?m=637940059004200000
Stockport_Metropolitan_Borough_Council.pdf,Stockport Metropolitan Borough Council,https://s3-eu-west-1.amazonaws.com/live-iag-static-assets/pdf/LDF/AdoptedPlans/Core+Strategy+DPD.pdf
Stockton-on-Tees_Borough_Council.pdf,Stockton-on-Tees Borough Council,https://www.stockton.gov.uk/media/1585775/localplanmainreportcontents.pdf
Stoke-on-Trent_City_Council.pdf,Stoke-on-Trent City Council,https://secureapps.stoke.gov.uk/ConsultationPortal/ConsultationPortal/ComposeDocument.aspx
Stratford-on-Avon_District_Council.pdf,Stratford-on-Avon District Council,https://www.southwarwickshire.org.uk/doc/210268/name/J25287%20South%20Warwickshire%20Local%20Plan%202021%20WEB.pdf
Stroud_District_Council.pdf,Stroud District Council,https://www.stroud.gov.uk/media/1485600/part-2_pre-submission-draft-plan-2021_final-25-05-21.pdf
Suffolk_Coastal_District_Council.pdf,Suffolk Coastal District Council,https://www.eastsuffolk.gov.uk/assets/Planning/Planning-Policy-and-Local-Plans/Suffolk-Coastal-Local-Plan/Adopted-Suffolk-Coastal-Local-Plan/East-Suffolk-Council-Suffolk-Coastal-Local-Plan.pdf
Sunderland_City_Council.pdf,Sunderland City Council,https://www.sunderland.gov.uk/media/22171/Core-Strategy-and-Development-Plan-2015-2033/pdf/CSDP_2015-2033.pdf?m=637159725864470000
Surrey_Heath_Borough_Council.pdf,Surrey Heath Borough Council,https://www.surreyheath.gov.uk/sites/default/files/documents/residents/planning/planning-policy/LocalPlan/Draft%20Surrey%20Heath%20Local%20Plan%20-%20Preferred%20Options%20%282019%20-%202038%29%20%28NFW%29.pdf
Swale_Borough_Council.pdf,Swale Borough Council,https://services.swale.gov.uk/assets/Planning%20Policy%202019/FINAL%20Reg%2019%20(RGB)%20119MB.pdf
Swindon_Borough_Council.pdf,Swindon Borough Council,https://www.swindon.gov.uk/download/downloads/id/3988/swindon_borough_local_plan_2026.pdf
Tameside_Metropolitan_Borough_Council.pdf,Tameside Metropolitan Borough Council,https://www.greatermanchester-ca.gov.uk/media/4682/places-for-everyone-compressed.pdf
Tamworth_Borough_Council.pdf,Tamworth Borough Council,https://www.tamworth.gov.uk/sites/default/files/planning_docs/Local-Plan-2006-2031.pdf
Tandridge_District_Council.pdf,Tandridge District Council,https://www.tandridge.gov.uk/Portals/0/Documents/Planning%20and%20building/Planning%20strategies%20and%20policies/Local%20plan/Local%20plan%202033/Examination%20library/MAIN%20DOCUMENTS/MD1-Our-Local-Plan-2033-Submission-2019.pdf
Taunton_Deane_Borough_Council.pdf,Taunton Deane Borough Council,https://www.somersetwestandtaunton.gov.uk/media/1061/adopted-core-strategy-2011-2028.pdf
Teignbridge_District_Council.pdf,Teignbridge District Council,https://www.teignbridge.gov.uk/planning/local-plans-and-policy/live-consultation-teignbridge-local-plan/proposed-submission-local-plan-2020-2040/
Telford_&_Wrekin_Council.pdf,Telford & Wrekin Council,http://apps.telford.gov.uk/downloads/localplan/Telford_and_Wrekin_Local_Plan_2011_2031_adopted_Jan_2018.pdf
Tendring_District_Council.pdf,Tendring District Council,https://www.tendringdc.gov.uk/sites/default/files/documents/planning/Planning_Policy/Section_1/Tendring%20District%20Local%20Plan%202013-2033%20and%20Beyond%20-%20Section%201.pdf
Test_Valley_Borough_Council.pdf,Test Valley Borough Council,https://www.testvalley.gov.uk/assets/attach/15941/Local-Plan-2040-Regulation-18-Stage-1.pdf
Tewkesbury_Borough_Council.pdf,Tewkesbury Borough Council,https://www.jointcorestrategy.org/joint-core-strategy-review
Thanet_District_Council.pdf,Thanet District Council,https://democracy.thanet.gov.uk/documents/s69015/Annex%203%20-%20Thanet%20Local%20Plan%20with%20appendices%20March%202020.pdf
Three_Rivers_District_Council.pdf,Three Rivers District Council,https://www.threerivers.gov.uk/download?id=43399
Thurrock_Council.pdf,Thurrock Council,https://www.thurrock.gov.uk/sites/default/files/assets/documents/core_strategy_adopted_2011_amended_2015.pdf
Tonbridge_and_Malling_Borough_Council.pdf,Tonbridge and Malling Borough Council,https://www.tmbc.gov.uk/downloads/file/2216/regulation-18-local-plan-2022
Torbay_Council.pdf,Torbay Council,https://www.torbay.gov.uk/media/6836/lp-2012to2030.pdf
Torridge_District_Council.pdf,Torridge District Council,file:///Users/pebdesign/Downloads/North%20Devon%20and%20Torridge%20Local%20Plan%20-%20Adopted%20October%202018%20(Reduced).pdf
Trafford_Metropolitan_Borough_Council.pdf,Trafford Metropolitan Borough Council,https://www.greatermanchester-ca.gov.uk/media/4682/places-for-everyone-compressed.pdf
Tunbridge_Wells_Borough_Council.pdf,Tunbridge Wells Borough Council,https://tunbridgewells.gov.uk/__data/assets/pdf_file/0010/387793/Pre-Submission-Local-Plan_final-compressed.pdf
Tunbridge_Wells_Borough_Council.pdf,Tunbridge Wells Borough Council,https://tunbridgewells.gov.uk/__data/assets/pdf_file/0010/387793/Pre-Submission-Local-Plan_final-compressed.pdf
Vale_of_White_Horse_District_Council.pdf,Vale of White Horse District Council,https://www.whitehorsedc.gov.uk/wp-content/uploads/sites/3/2021/03/VOWHDC-Master-1.pdf
Wakefield_Metropolitan_District_Council.pdf,Wakefield Metropolitan District Council,http://www.wakefield.gov.uk/localplan2020/local-plan-2036-publication-draft-plan-volume-1-development-strategy-strategic-local-policies-october-2020.pdf
Walsall_Metropolitan_Borough_Council.pdf,Walsall Metropolitan Borough Council,http://blackcountrycorestrategy.dudley.gov.uk/EasysiteWeb/getresource.axd?AssetID=198681&type=full&servicetype=Attachment
Warrington_Borough_Council.pdf,Warrington Borough Council,https://www.warrington.gov.uk/sites/default/files/2021-09/warrington_updated_proposed_submission_version_local_plan_upsvlp_2021-2038_-_september_2021.pdf
Warwick_District_Council.pdf,Warwick District Council,https://www.southwarwickshire.org.uk/doc/210268/name/J25287%20South%20Warwickshire%20Local%20Plan%202021%20WEB.pdf
Watford_Borough_Council.pdf,Watford Borough Council,https://www.watford.gov.uk/downloads/file/1264/watford-local-plan
Waveney_District_Council.pdf,Waveney District Council,http://consult.waveney.gov.uk/gf2.ti/f/911330/35229029.1/PDF/-/Waveney_Local_Plan__Final_Draft.pdf
Waverley_Borough_Council.pdf,Waverley Borough Council,https://www.waverley.gov.uk/download/downloads/id/5974/waverley_local_plan_part_1_chapters_only.pdf
Wealden_District_Council.pdf,Wealden District Council,http://www.wealden.gov.uk/nmsruntime/saveasdialog.aspx?lID=25367&amp;sID=6726
Wellingborough_Borough_Council.pdf,Wellingborough Borough Council,http://www.nnjpdu.org.uk/site/assets/files/1086/joint_core_strategy_2011-2031_high_res_version_for_website.pdf
Welwyn_Hatfield_Borough_Council.pdf,Welwyn Hatfield Borough Council,https://www.welhat.gov.uk/downloads/file/841/welwyn-hatfield-local-plan-2016-2036
West_Berkshire_Council.pdf,West Berkshire Council,https://www.westberks.gov.uk/media/53945/Proposed-Submission-Regulation-19-West-Berkshire-Local-Plan-Review-to-2039-Clean-Version/pdf/LPR_2022-2039_Proposed_Submission_for_consultation_20_Jan_2023_for_web.pdf?m=638096652954630000
West_Devon_Borough_Council.pdf,West Devon Borough Council,https://www.plymouth.gov.uk/plymouthandsouthwestdevonjointlocalplan/plymouthandsouthwestdevonjointlocalplanadoption
West_Dorset_District_Council.pdf,West Dorset District Council,https://www.dorsetcouncil.gov.uk/planning-buildings-land/planning-policy/west-dorset-and-weymouth-portland/adopted-local-plan/pdfs/alp/west-dorset-weymouth-portland-local-plan-2015.pdf
West_Lancashire_Borough_Council.pdf,West Lancashire Borough Council,https://www.westlancs.gov.uk/media/79104/chapter-4.pdf
West_Lindsey_District_Council.pdf,West Lindsey District Council,https://www.n-kesteven.gov.uk/sites/default/files/2023-03/STA033%20Central%20Lincs%20Local%20Plan%20-%20Inspectors%20Report%20-%20FINAL.pdf
West_Lindsey_District_Council.pdf,West Lindsey District Council,https://www.n-kesteven.gov.uk/sites/default/files/2023-03/STA033%20Central%20Lincs%20Local%20Plan%20-%20Inspectors%20Report%20-%20FINAL.pdf
West_Lindsey_District_Council.pdf,West Lindsey District Council,https://www.n-kesteven.gov.uk/sites/default/files/2023-03/STA033%20Central%20Lincs%20Local%20Plan%20-%20Inspectors%20Report%20-%20FINAL.pdf
West_Oxfordshire_District_Council.pdf,West Oxfordshire District Council,https://www.westoxon.gov.uk/media/1936509/Local-Plan-BOOK-WEB.pdf
West_Somerset_District_Council.pdf,West Somerset District Council,https://www.somersetwestandtaunton.gov.uk/media/1074/adopted-west-somerset-council-local-plan-to-2032-document.pdf
West_Somerset_District_Council.pdf,West Somerset District Council,https://www.somersetwestandtaunton.gov.uk/media/1074/adopted-west-somerset-council-local-plan-to-2032-document.pdf
Weymouth_and_Portland_Borough_Council.pdf,Weymouth and Portland Borough Council,https://www.dorsetcouncil.gov.uk/planning-buildings-land/planning-policy/west-dorset-and-weymouth-portland/adopted-local-plan/pdfs/alp/west-dorset-weymouth-portland-local-plan-2015.pdf
Wigan_Metropolitan_Borough_Council.pdf,Wigan Metropolitan Borough Council,https://www.greatermanchester-ca.gov.uk/media/4682/places-for-everyone-compressed.pdf
Wiltshire_Council.pdf,Wiltshire Council,https://consult.wiltshire.gov.uk/kpse/event/6565FF19-695C-4721-B19F-3226D666441E/section/r16826755964763#r16826755964763
Winchester_City_Council.pdf,Winchester City Council,https://www.winchester.gov.uk/assets/attach/3250/LPP1chap-7-10-appendices.pdf
Wirral_Metropolitan_Borough_Council.pdf,Wirral Metropolitan Borough Council,https://www.wirral.gov.uk/sites/default/files/all/planning%20and%20building/Local%20plans%20and%20planning%20policy/Examination%20Library/1.%20Proposed%20Submission%20Documents/SD1%20-%20Wirral%20Local%20Plan%202021-2037%20Submission%20Draft%20May%202022%20for%20Reg%2019%20Publication-Final%20260422-compressed.pdf
Woking_Borough_Council.pdf,Woking Borough Council,https://www.woking2027.info/developmentplan/corestrategy/adoptedcorestrategy.pdf
Wokingham_Borough_Council.pdf,Wokingham Borough Council,https://www.wokingham.gov.uk/EasySiteWeb/GatewayLink.aspx?alId=609574
Worcester_City_Council.pdf,Worcester City Council,https://www.swdevelopmentplan.org/component/fileman/file/Documents/SWDPR%20Reg%2019%20Docs/Accessible%20SWDP%20Review%20Regulation%2019%20%281%29.pdf?routed=1&container=fileman-files
Worthing_Borough_Council.pdf,Worthing Borough Council,"https://www.adur-worthing.gov.uk/media/Media,159076,smxx.pdf"
Wychavon_District_Council.pdf,Wychavon District Council,https://www.swdevelopmentplan.org/component/fileman/file/Documents/SWDPR%20Reg%2019%20Docs/Accessible%20SWDP%20Review%20Regulation%2019%20%281%29.pdf?routed=1&container=fileman-files
Wycombe_District_Council.pdf,Wycombe District Council,https://www.wycombe.gov.uk/uploads/public/documents/Planning/Adopted-Wycombe-local-plan/Wycombe-District-Local-Plan-Adopted-August-2019.pdf
Wyre_Borough_Council.pdf,Wyre Borough Council,https://www.wyre.gov.uk/downloads/file/1283/local-plan-partial-review-schedule-of-revisions
Wyre_Forest_District_Council.pdf,Wyre Forest District Council,https://www.wyreforestdc.gov.uk/media/at0c44wc/Local-Plan-14-April-2022.pdf
Yorkshire_Dales_National_Park_Authority.pdf,Yorkshire Dales National Park Authority,https://www.yorkshiredales.org.uk/wp-content/uploads/sites/13/2020/07/Ambitions-Consultation.pdf
